id;create_time_stamp;update_time_stamp;name;identifier;model
1;2023-09-02T21:09:33;2023-09-02T17:00:43;Fantastic;Dirham SQL Steel;Kansas envisioneer
2;2023-09-02T13:35:33;2023-09-03T06:03:45;Ohio deposit Health;calculating;Rubber
3;2023-09-03T05:15:47;2023-09-03T07:51:04;end-to-end communities user-centric;Solutions;infomediaries
4;2023-09-02T23:33:54;2023-09-03T02:40:12;Avon cross-platform;payment Shirt content;Fresh Steel Georgia
5;2023-09-03T01:58:42;2023-09-02T23:57:48;Underpass Corporate azure;Creative;systematic invoice
6;2023-09-02T18:46:20;2023-09-02T13:34:14;Oklahoma deliverables quantify;executive Assurance;transmitter Cotton back
7;2023-09-03T05:47:37;2023-09-03T07:00:11;interface transmit override;e-business Fresh;white
8;2023-09-02T23:49:32;2023-09-03T04:49:57;invoice;deploy;Persistent Metal
9;2023-09-03T01:53:50;2023-09-03T02:46:46;withdrawal;withdrawal;Shirt synergize
10;2023-09-03T06:15:11;2023-09-02T18:40:53;Refined Gorgeous matrix;markets facilitate bandwidth;Money Interactions
